Text,Summary
التعليم الإلكتروني أصبح ضرورة ملحة في ظل التطور التكنولوجي المتسارع في العالم. من خلاله، يمكن للمتعلمين الوصول إلى المحتوى التعليمي في أي وقت ومن أي مكان.,التعليم الإلكتروني يسهل الوصول إلى المحتوى التعليمي بفضل التطور التكنولوجي.
الزراعة الذكية تعتمد على تقنيات حديثة مثل الذكاء الاصطناعي وإنترنت الأشياء لزيادة الإنتاجية وتقليل التكاليف.,الزراعة الذكية تستخدم التكنولوجيا الحديثة لزيادة الإنتاجية وتقليل التكاليف.
شهدت أسعار النفط ارتفاعًا كبيرًا خلال الأشهر الماضية بسبب زيادة الطلب العالمي والنقص في العرض.,أسعار النفط ارتفعت نتيجة زيادة الطلب العالمي وقلة العرض.
السياحة البيئية تزداد شعبية لأنها تتيح للسياح التفاعل مع الطبيعة مع الحفاظ على البيئة.,السياحة البيئية تجمع بين الاستمتاع بالطبيعة والمحافظة على البيئة.
شهدت صناعة السيارات الكهربائية تطورًا كبيرًا خلال العقد الأخير مما يجعلها خيارًا مستدامًا للمستقبل.,صناعة السيارات الكهربائية تطورت بشكل كبير وأصبحت خيارًا مستدامًا.
التغير المناخي يهدد الحياة البرية في مختلف أنحاء العالم، حيث يتسبب في تدمير المواطن الطبيعية للعديد من الأنواع.,التغير المناخي يدمر المواطن الطبيعية ويهدد الحياة البرية.
التغذية الصحية تلعب دورًا مهمًا في تحسين جودة الحياة والوقاية من العديد من الأمراض المزمنة.,التغذية الصحية تحسن جودة الحياة وتقي من الأمراض.
الذكاء الاصطناعي أصبح جزءًا لا يتجزأ من حياتنا اليومية ويساهم في تحسين العديد من القطاعات مثل الصحة والتعليم.,الذكاء الاصطناعي يحسن القطاعات المختلفة كالصحّة والتعليم.
الرياضة اليومية لها فوائد عديدة على الصحة الجسدية والنفسية وتساهم في تحسين الحالة المزاجية.,الرياضة اليومية تحسن الصحة الجسدية والنفسية وتعزز الحالة المزاجية.
تشهد المدن الذكية اهتمامًا متزايدًا حول العالم، حيث تعتمد على التكنولوجيا لتحسين الخدمات والبنية التحتية.,المدن الذكية تستخدم التكنولوجيا لتحسين الخدمات والبنية التحتية.
